,hash,mass,cmf,tot_disk_cmf,boundary,percentage,sim_id,semi
0,1.0,3.571414e-09,0.985889008,0.33,0.5,0.1,1,0.38599613445730013
1,2.0,1.031458e-08,0.985889008,0.33,0.5,0.1,1,0.626616243359372
2,5.0,4.907014e-07,0.6875684558407292,0.33,0.5,0.1,1,0.901010564682834
3,17.0,1.716894e-06,0.28411103578373287,0.33,0.5,0.1,1,1.207003496496614
4,28.0,1.288883e-06,0.30821546820120377,0.33,0.5,0.1,1,2.1946137049397834
5,39.0,1.051691e-06,0.27330732238169014,0.33,0.5,0.1,1,1.572721416044071
6,82.0,1.4e-08,1.0,0.33,0.5,0.1,1,5.2055725528017485
7,127.0,7.449397e-07,0.3650703430626666,0.33,0.5,0.1,1,
8,1565786989.0,1.4e-08,0.0,0.33,0.5,0.1,1,
9,5.0,8.021971e-07,0.5667806571838462,0.33,0.5,0.1,2,0.4475532854269146
10,17.0,1.612884e-06,0.3035805938824735,0.33,0.5,0.1,2,0.718617790169643
11,28.0,2.502864e-06,0.3173671841336279,0.33,0.5,0.1,2,1.0139720437617796
12,33.0,4.207785e-08,0.297,0.33,0.5,0.1,2,1.838161559444198
13,91.0,2.044554e-08,0.297,0.33,0.5,0.1,2,1.9488892175518302
14,3321237907.0,1.64993e-08,0.0,0.33,0.5,0.1,2,5.203561144988754
15,1130108289.0,1.478972e-08,0.0,0.33,0.5,0.1,2,9.545171143508075
16,3349724438.0,1.4e-08,0.0,0.33,0.5,0.1,2,1.556861209456863
17,1.0,3.571414e-09,0.985889008,0.33,0.5,0.1,4,1.1706488675163185
18,2.0,1.031458e-08,0.985889008,0.33,0.5,0.1,4,0.5925739737572171
19,28.0,1.55808e-06,0.3323463634068521,0.33,0.5,0.1,4,1.7044583796128354
20,39.0,2.860519e-06,0.40221533089737616,0.33,0.5,0.1,4,
21,83.0,5.411257e-07,0.32097252064257736,0.33,0.5,0.1,4,
22,1.0,3.571414e-09,0.985889008,0.33,0.5,0.1,6,0.5432383608818007
23,17.0,1.862641e-06,0.4089958189030573,0.33,0.5,0.1,6,0.9056756791449558
24,50.0,1.876009e-06,0.3129735506679502,0.33,0.5,0.1,6,1.8262148597958137
25,83.0,5.009306e-07,0.31059323135779676,0.33,0.5,0.1,6,1.5181856319048104
26,100.0,2.07181e-08,0.27412961951144166,0.33,0.5,0.1,6,1.285708878360746
27,105.0,1.262919e-06,0.3456058974090976,0.33,0.5,0.1,6,
28,5.0,3.984345e-07,0.8260647715039195,0.33,0.5,0.1,9,0.3785233221707783
29,17.0,3.230941e-06,0.3266384018503312,0.33,0.5,0.1,9,0.6935371557544511
30,39.0,1.421326e-06,0.2837058936823566,0.33,0.5,0.1,9,1.4947638919761383
31,51.0,3.12257e-08,0.297,0.33,0.5,0.1,9,1.1858801434709472
32,115.0,1.722741e-08,0.297,0.33,0.5,0.1,9,2.397111543159151
33,4083845756.0,1.464304e-08,0.0,0.33,0.5,0.1,9,5.201759604242314
34,2.0,1.031458e-08,0.985889008,0.33,0.5,0.1,10,0.3736308131579339
35,5.0,3.313078e-07,0.9709310788257967,0.33,0.5,0.1,10,0.6925803321671526
36,17.0,2.18953e-06,0.29869384094639184,0.33,0.5,0.1,10,1.062559911206999
37,50.0,1.686873e-06,0.30294838795720064,0.33,0.5,0.1,10,1.063574237953269
38,60.0,2.750046e-08,0.297,0.33,0.5,0.1,10,1.5789566492117775
39,138.0,1.066229e-06,0.3052788344894906,0.33,0.5,0.1,10,5.203483299267175
40,1902671923.0,1.615814e-08,0.0,0.33,0.5,0.1,10,
41,1.0,3.571414e-09,0.766187809,0.33,0.6,0.1,1,0.38599613445730013
42,2.0,1.031458e-08,0.766187809,0.33,0.6,0.1,1,0.626616243359372
43,5.0,4.907014e-07,0.6207733262303334,0.33,0.6,0.1,1,0.901010564682834
44,17.0,1.716894e-06,0.29273583013622495,0.33,0.6,0.1,1,1.207003496496614
45,28.0,1.288883e-06,0.30821546820120377,0.33,0.6,0.1,1,2.1946137049397834
46,39.0,1.051691e-06,0.27490566535483085,0.33,0.6,0.1,1,1.572721416044071
47,82.0,1.4e-08,1.0,0.33,0.6,0.1,1,5.2055725528017485
48,127.0,7.449397e-07,0.3650703430626666,0.33,0.6,0.1,1,
49,1565786989.0,1.4e-08,0.0,0.33,0.6,0.1,1,
50,5.0,8.021971e-07,0.5320657209347156,0.33,0.6,0.1,2,0.4475532854269146
51,17.0,1.612884e-06,0.31366850575385696,0.33,0.6,0.1,2,0.718617790169643
52,28.0,2.502864e-06,0.3174883124590617,0.33,0.6,0.1,2,1.0139720437617796
53,33.0,4.207785e-08,0.297,0.33,0.6,0.1,2,1.838161559444198
54,91.0,2.044554e-08,0.297,0.33,0.6,0.1,2,1.9488892175518302
55,3321237907.0,1.64993e-08,0.0,0.33,0.6,0.1,2,5.203561144988754
56,1130108289.0,1.478972e-08,0.0,0.33,0.6,0.1,2,9.545171143508075
57,3349724438.0,1.4e-08,0.0,0.33,0.6,0.1,2,1.556861209456863
58,1.0,3.571414e-09,0.766187809,0.33,0.6,0.1,4,1.1706488675163185
59,2.0,1.031458e-08,0.766187809,0.33,0.6,0.1,4,0.5925739737572171
60,28.0,1.55808e-06,0.3359716304650595,0.33,0.6,0.1,4,1.7044583796128354
61,39.0,2.860519e-06,0.3973585411949263,0.33,0.6,0.1,4,
62,83.0,5.411257e-07,0.32097252064257736,0.33,0.6,0.1,4,
63,1.0,3.571414e-09,0.766187809,0.33,0.6,0.1,6,0.5432383608818007
64,17.0,1.862641e-06,0.39400916543549663,0.33,0.6,0.1,6,0.9056756791449558
65,50.0,1.876009e-06,0.32116276691425644,0.33,0.6,0.1,6,1.8262148597958137
66,83.0,5.009306e-07,0.31059323135779676,0.33,0.6,0.1,6,1.5181856319048104
67,100.0,2.07181e-08,0.27412961951144166,0.33,0.6,0.1,6,1.285708878360746
68,105.0,1.262919e-06,0.3456058974090976,0.33,0.6,0.1,6,
69,5.0,3.984345e-07,0.7125186632601732,0.33,0.6,0.1,9,0.3785233221707783
70,17.0,3.230941e-06,0.3383977874923305,0.33,0.6,0.1,9,0.6935371557544511
71,39.0,1.421326e-06,0.2837058936823566,0.33,0.6,0.1,9,1.4947638919761383
72,51.0,3.12257e-08,0.297,0.33,0.6,0.1,9,1.1858801434709472
73,115.0,1.722741e-08,0.297,0.33,0.6,0.1,9,2.397111543159151
74,4083845756.0,1.464304e-08,0.0,0.33,0.6,0.1,9,5.201759604242314
75,2.0,1.031458e-08,0.766187809,0.33,0.6,0.1,10,0.3736308131579339
76,5.0,3.313078e-07,0.9256519964503062,0.33,0.6,0.1,10,0.6925803321671526
77,17.0,2.18953e-06,0.31437220962060847,0.33,0.6,0.1,10,1.062559911206999
78,50.0,1.686873e-06,0.30294838795720064,0.33,0.6,0.1,10,1.063574237953269
79,60.0,2.750046e-08,0.297,0.33,0.6,0.1,10,1.5789566492117775
80,138.0,1.066229e-06,0.3052788344894906,0.33,0.6,0.1,10,5.203483299267175
81,1902671923.0,1.615814e-08,0.0,0.33,0.6,0.1,10,
82,1.0,3.571414e-09,0.984281713,0.33,0.6,0.15,1,0.38599613445730013
83,2.0,1.031458e-08,0.984281713,0.33,0.6,0.15,1,0.626616243359372
84,5.0,4.907014e-07,0.7559302334550889,0.33,0.6,0.15,1,0.901010564682834
85,17.0,1.716894e-06,0.29634435615420607,0.33,0.6,0.15,1,1.207003496496614
86,28.0,1.288883e-06,0.2905445132488326,0.33,0.6,0.15,1,2.1946137049397834
87,39.0,1.051691e-06,0.26169810889543044,0.33,0.6,0.15,1,1.572721416044071
88,82.0,1.4e-08,1.0,0.33,0.6,0.15,1,5.2055725528017485
89,127.0,7.449397e-07,0.34478865733696307,0.33,0.6,0.15,1,
90,1565786989.0,1.4e-08,0.0,0.33,0.6,0.15,1,
91,5.0,8.021971e-07,0.6445964626869471,0.33,0.6,0.15,2,0.4475532854269146
92,17.0,1.612884e-06,0.3047979993090763,0.33,0.6,0.15,2,0.718617790169643
93,28.0,2.502864e-06,0.3003291536793426,0.33,0.6,0.15,2,1.0139720437617796
94,33.0,4.207785e-08,0.2805,0.33,0.6,0.15,2,1.838161559444198
95,91.0,2.044554e-08,0.2805,0.33,0.6,0.15,2,1.9488892175518302
96,3321237907.0,1.64993e-08,0.0,0.33,0.6,0.15,2,5.203561144988754
97,1130108289.0,1.478972e-08,0.0,0.33,0.6,0.15,2,9.545171143508075
98,3349724438.0,1.4e-08,0.0,0.33,0.6,0.15,2,1.556861209456863
99,1.0,3.571414e-09,0.984281713,0.33,0.6,0.15,4,1.1706488675163185
100,2.0,1.031458e-08,0.984281713,0.33,0.6,0.15,4,0.5925739737572171
101,28.0,1.55808e-06,0.31940548734179247,0.33,0.6,0.15,4,1.7044583796128354
102,39.0,2.860519e-06,0.40993619644793045,0.33,0.6,0.15,4,
103,83.0,5.411257e-07,0.30421871350738683,0.33,0.6,0.15,4,
104,1.0,3.571414e-09,0.984281713,0.33,0.6,0.15,6,0.5432383608818007
105,17.0,1.862641e-06,0.41172904541085087,0.33,0.6,0.15,6,0.9056756791449558
106,50.0,1.876009e-06,0.3124864155096899,0.33,0.6,0.15,6,1.8262148597958137
107,83.0,5.009306e-07,0.2933380518379194,0.33,0.6,0.15,6,1.5181856319048104
108,100.0,2.07181e-08,0.2589001962052505,0.33,0.6,0.15,6,1.285708878360746
109,105.0,1.262919e-06,0.32640556977525875,0.33,0.6,0.15,6,
110,5.0,3.984345e-07,0.8919352156136695,0.33,0.6,0.15,9,0.3785233221707783
111,17.0,3.230941e-06,0.3323246291746121,0.33,0.6,0.15,9,0.6935371557544511
112,39.0,1.421326e-06,0.26835487006778824,0.33,0.6,0.15,9,1.4947638919761383
113,51.0,3.12257e-08,0.2805,0.33,0.6,0.15,9,1.1858801434709472
114,115.0,1.722741e-08,0.2805,0.33,0.6,0.15,9,2.397111543159151
115,4083845756.0,1.464304e-08,0.0,0.33,0.6,0.15,9,5.201759604242314
116,2.0,1.031458e-08,0.984281713,0.33,0.6,0.15,10,0.3736308131579339
117,5.0,3.313078e-07,0.9910195749204198,0.33,0.6,0.15,10,0.6925803321671526
118,17.0,2.18953e-06,0.3125503627984961,0.33,0.6,0.15,10,1.062559911206999
119,50.0,1.686873e-06,0.2861184714319312,0.33,0.6,0.15,10,1.063574237953269
120,60.0,2.750046e-08,0.2805,0.33,0.6,0.15,10,1.5789566492117775
121,138.0,1.066229e-06,0.28788121968155705,0.33,0.6,0.15,10,5.203483299267175
122,1902671923.0,1.615814e-08,0.0,0.33,0.6,0.15,10,
123,1.0,3.571414e-09,0.59828403,0.33,0.7,0.1,1,0.38599613445730013
124,2.0,1.031458e-08,0.59828403,0.33,0.7,0.1,1,0.626616243359372
125,5.0,4.907014e-07,0.538765512232919,0.33,0.7,0.1,1,0.901010564682834
126,17.0,1.716894e-06,0.3074750044772811,0.33,0.7,0.1,1,1.207003496496614
127,28.0,1.288883e-06,0.32373556546083376,0.33,0.7,0.1,1,2.1946137049397834
128,39.0,1.051691e-06,0.27308853580826936,0.33,0.7,0.1,1,1.572721416044071
129,82.0,1.4e-08,1.0,0.33,0.7,0.1,1,5.2055725528017485
130,127.0,7.449397e-07,0.3650703430626666,0.33,0.7,0.1,1,
131,1565786989.0,1.4e-08,0.0,0.33,0.7,0.1,1,
132,5.0,8.021971e-07,0.4723036377481483,0.33,0.7,0.1,2,0.4475532854269146
133,17.0,1.612884e-06,0.32568101208375444,0.33,0.7,0.1,2,0.718617790169643
134,28.0,2.502864e-06,0.3263519768109955,0.33,0.7,0.1,2,1.0139720437617796
135,33.0,4.207785e-08,0.297,0.33,0.7,0.1,2,1.838161559444198
136,91.0,2.044554e-08,0.297,0.33,0.7,0.1,2,1.9488892175518302
137,3321237907.0,1.64993e-08,0.0,0.33,0.7,0.1,2,5.203561144988754
138,1130108289.0,1.478972e-08,0.0,0.33,0.7,0.1,2,9.545171143508075
139,3349724438.0,1.4e-08,0.0,0.33,0.7,0.1,2,1.556861209456863
140,1.0,3.571414e-09,0.59828403,0.33,0.7,0.1,4,1.1706488675163185
141,2.0,1.031458e-08,0.59828403,0.33,0.7,0.1,4,0.5925739737572171
142,28.0,1.55808e-06,0.36776032072149717,0.33,0.7,0.1,4,1.7044583796128354
143,39.0,2.860519e-06,0.380393223885374,0.33,0.7,0.1,4,
144,83.0,5.411257e-07,0.32097252064257736,0.33,0.7,0.1,4,
145,1.0,3.571414e-09,0.59828403,0.33,0.7,0.1,6,0.5432383608818007
146,17.0,1.862641e-06,0.36654896827413097,0.33,0.7,0.1,6,0.9056756791449558
147,50.0,1.876009e-06,0.33404436318747505,0.33,0.7,0.1,6,1.8262148597958137
148,83.0,5.009306e-07,0.31059323135779676,0.33,0.7,0.1,6,1.5181856319048104
149,100.0,2.07181e-08,0.27412961951144166,0.33,0.7,0.1,6,1.285708878360746
150,105.0,1.262919e-06,0.3456058974090976,0.33,0.7,0.1,6,
151,5.0,3.984345e-07,0.567444221695417,0.33,0.7,0.1,9,0.3785233221707783
152,17.0,3.230941e-06,0.3307131165516867,0.33,0.7,0.1,9,0.6935371557544511
153,39.0,1.421326e-06,0.3075385210456192,0.33,0.7,0.1,9,1.4947638919761383
154,51.0,3.12257e-08,0.297,0.33,0.7,0.1,9,1.1858801434709472
155,115.0,1.722741e-08,0.297,0.33,0.7,0.1,9,2.397111543159151
156,4083845756.0,1.464304e-08,0.0,0.33,0.7,0.1,9,5.201759604242314
157,2.0,1.031458e-08,0.59828403,0.33,0.7,0.1,10,0.3736308131579339
158,5.0,3.313078e-07,0.8085518176677784,0.33,0.7,0.1,10,0.6925803321671526
159,17.0,2.18953e-06,0.3344526841717173,0.33,0.7,0.1,10,1.062559911206999
160,50.0,1.686873e-06,0.306080775758785,0.33,0.7,0.1,10,1.063574237953269
161,60.0,2.750046e-08,0.297,0.33,0.7,0.1,10,1.5789566492117775
162,138.0,1.066229e-06,0.3052788344894906,0.33,0.7,0.1,10,5.203483299267175
163,1902671923.0,1.615814e-08,0.0,0.33,0.7,0.1,10,
164,1.0,3.571414e-09,0.732426045,0.33,0.7,0.15,1,0.38599613445730013
165,2.0,1.031458e-08,0.732426045,0.33,0.7,0.15,1,0.626616243359372
166,5.0,4.907014e-07,0.636049012467248,0.33,0.7,0.15,1,0.901010564682834
167,17.0,1.716894e-06,0.31786508790584767,0.33,0.7,0.15,1,1.207003496496614
168,28.0,1.288883e-06,0.31336950051691226,0.33,0.7,0.15,1,2.1946137049397834
169,39.0,1.051691e-06,0.25897241458099945,0.33,0.7,0.15,1,1.572721416044071
170,82.0,1.4e-08,1.0,0.33,0.7,0.15,1,5.2055725528017485
171,127.0,7.449397e-07,0.34478865733696307,0.33,0.7,0.15,1,
172,1565786989.0,1.4e-08,0.0,0.33,0.7,0.15,1,
173,5.0,8.021971e-07,0.5598815672650526,0.33,0.7,0.15,2,0.4475532854269146
174,17.0,1.612884e-06,0.31932892291479986,0.33,0.7,0.15,2,0.718617790169643
175,28.0,2.502864e-06,0.31524544059892917,0.33,0.7,0.15,2,1.0139720437617796
176,33.0,4.207785e-08,0.2805,0.33,0.7,0.15,2,1.838161559444198
177,91.0,2.044554e-08,0.2805,0.33,0.7,0.15,2,1.9488892175518302
178,3321237907.0,1.64993e-08,0.0,0.33,0.7,0.15,2,5.203561144988754
179,1130108289.0,1.478972e-08,0.0,0.33,0.7,0.15,2,9.545171143508075
180,3349724438.0,1.4e-08,0.0,0.33,0.7,0.15,2,1.556861209456863
181,1.0,3.571414e-09,0.732426045,0.33,0.7,0.15,4,1.1706488675163185
182,2.0,1.031458e-08,0.732426045,0.33,0.7,0.15,4,0.5925739737572171
183,28.0,1.55808e-06,0.36752010299828874,0.33,0.7,0.15,4,1.7044583796128354
184,39.0,2.860519e-06,0.3925862524308184,0.33,0.7,0.15,4,
185,83.0,5.411257e-07,0.30421871350738683,0.33,0.7,0.15,4,
186,1.0,3.571414e-09,0.732426045,0.33,0.7,0.15,6,0.5432383608818007
187,17.0,1.862641e-06,0.38903681294583503,0.33,0.7,0.15,6,0.9056756791449558
188,50.0,1.876009e-06,0.33214958331199196,0.33,0.7,0.15,6,1.8262148597958137
189,83.0,5.009306e-07,0.2933380518379194,0.33,0.7,0.15,6,1.5181856319048104
190,100.0,2.07181e-08,0.2589001962052505,0.33,0.7,0.15,6,1.285708878360746
191,105.0,1.262919e-06,0.32640556977525875,0.33,0.7,0.15,6,
192,5.0,3.984345e-07,0.6801700958469988,0.33,0.7,0.15,9,0.3785233221707783
193,17.0,3.230941e-06,0.32031177366259145,0.33,0.7,0.15,9,0.6935371557544511
194,39.0,1.421326e-06,0.30410381111268237,0.33,0.7,0.15,9,1.4947638919761383
195,51.0,3.12257e-08,0.2805,0.33,0.7,0.15,9,1.1858801434709472
196,115.0,1.722741e-08,0.2805,0.33,0.7,0.15,9,2.397111543159151
197,4083845756.0,1.464304e-08,0.0,0.33,0.7,0.15,9,5.201759604242314
198,2.0,1.031458e-08,0.732426045,0.33,0.7,0.15,10,0.3736308131579339
199,5.0,3.313078e-07,0.9180725596967747,0.33,0.7,0.15,10,0.6925803321671526
200,17.0,2.18953e-06,0.34037518606370915,0.33,0.7,0.15,10,1.062559911206999
201,50.0,1.686873e-06,0.2908170531343078,0.33,0.7,0.15,10,1.063574237953269
202,60.0,2.750046e-08,0.2805,0.33,0.7,0.15,10,1.5789566492117775
203,138.0,1.066229e-06,0.28788121968155705,0.33,0.7,0.15,10,5.203483299267175
204,1902671923.0,1.615814e-08,0.0,0.33,0.7,0.15,10,
205,1.0,3.571414e-09,0.86656806,0.33,0.7,0.2,1,0.38599613445730013
206,2.0,1.031458e-08,0.86656806,0.33,0.7,0.2,1,0.626616243359372
207,5.0,4.907014e-07,0.7223277375867152,0.33,0.7,0.2,1,0.901010564682834
208,17.0,1.716894e-06,0.3283059139202844,0.33,0.7,0.2,1,1.207003496496614
209,28.0,1.288883e-06,0.30300343557299086,0.33,0.7,0.2,1,2.1946137049397834
210,39.0,1.051691e-06,0.2448562933537294,0.33,0.7,0.2,1,1.572721416044071
211,82.0,1.4e-08,1.0,0.33,0.7,0.2,1,5.2055725528017485
212,127.0,7.449397e-07,0.3245069716112593,0.33,0.7,0.2,1,
213,1565786989.0,1.4e-08,0.0,0.33,0.7,0.2,1,
214,5.0,8.021971e-07,0.6556615689209232,0.33,0.7,0.2,2,0.4475532854269146
215,17.0,1.612884e-06,0.3106045432219493,0.33,0.7,0.2,2,0.718617790169643
216,28.0,2.502864e-06,0.30397166006654863,0.33,0.7,0.2,2,1.0139720437617796
217,33.0,4.207785e-08,0.264,0.33,0.7,0.2,2,1.838161559444198
218,91.0,2.044554e-08,0.264,0.33,0.7,0.2,2,1.9488892175518302
219,3321237907.0,1.64993e-08,0.0,0.33,0.7,0.2,2,5.203561144988754
220,1130108289.0,1.478972e-08,0.0,0.33,0.7,0.2,2,9.545171143508075
221,3349724438.0,1.4e-08,0.0,0.33,0.7,0.2,2,1.556861209456863
222,1.0,3.571414e-09,0.86656806,0.33,0.7,0.2,4,1.1706488675163185
223,2.0,1.031458e-08,0.86656806,0.33,0.7,0.2,4,0.5925739737572171
224,28.0,1.55808e-06,0.36571790632629947,0.33,0.7,0.2,4,1.7044583796128354
225,39.0,2.860519e-06,0.39750655454411477,0.33,0.7,0.2,4,
226,83.0,5.411257e-07,0.287464906372196,0.33,0.7,0.2,4,
227,1.0,3.571414e-09,0.86656806,0.33,0.7,0.2,6,0.5432383608818007
228,17.0,1.862641e-06,0.40998002179042187,0.33,0.7,0.2,6,0.9056756791449558
229,50.0,1.876009e-06,0.3311406131340591,0.33,0.7,0.2,6,1.8262148597958137
230,83.0,5.009306e-07,0.2760828723180417,0.33,0.7,0.2,6,1.5181856319048104
231,100.0,2.07181e-08,0.24367077289905925,0.33,0.7,0.2,6,1.285708878360746
232,105.0,1.262919e-06,0.30720524214142003,0.33,0.7,0.2,6,
233,5.0,3.984345e-07,0.7934721172171376,0.33,0.7,0.2,9,0.3785233221707783
234,17.0,3.230941e-06,0.3098010286797757,0.33,0.7,0.2,9,0.6935371557544511
235,39.0,1.421326e-06,0.30066910117974543,0.33,0.7,0.2,9,1.4947638919761383
236,51.0,3.12257e-08,0.264,0.33,0.7,0.2,9,1.1858801434709472
237,115.0,1.722741e-08,0.264,0.33,0.7,0.2,9,2.397111543159151
238,4083845756.0,1.464304e-08,0.0,0.33,0.7,0.2,9,5.201759604242314
239,2.0,1.031458e-08,0.86656806,0.33,0.7,0.2,10,0.3736308131579339
240,5.0,3.313078e-07,0.9756038161877197,0.33,0.7,0.2,10,0.6925803321671526
241,17.0,2.18953e-06,0.3478336692935649,0.33,0.7,0.2,10,1.062559911206999
242,50.0,1.686873e-06,0.2755533305098304,0.33,0.7,0.2,10,1.063574237953269
243,60.0,2.750046e-08,0.264,0.33,0.7,0.2,10,1.5789566492117775
244,138.0,1.066229e-06,0.27074117890296767,0.33,0.7,0.2,10,5.203483299267175
245,1902671923.0,1.615814e-08,0.0,0.33,0.7,0.2,10,
246,1.0,3.571414e-09,0.437170154,0.33,0.8,0.1,1,0.38599613445730013
247,2.0,1.031458e-08,0.437170154,0.33,0.8,0.1,1,0.626616243359372
248,5.0,4.907014e-07,0.4011342209324569,0.33,0.8,0.1,1,0.901010564682834
249,17.0,1.716894e-06,0.3430655291390585,0.33,0.8,0.1,1,1.207003496496614
250,28.0,1.288883e-06,0.3292666946325835,0.33,0.8,0.1,1,2.1946137049397834
251,39.0,1.051691e-06,0.272178603309654,0.33,0.8,0.1,1,1.572721416044071
252,82.0,1.4e-08,1.0,0.33,0.8,0.1,1,5.2055725528017485
253,127.0,7.449397e-07,0.3650703430626666,0.33,0.8,0.1,1,
254,1565786989.0,1.4e-08,0.0,0.33,0.8,0.1,1,
255,5.0,8.021971e-07,0.3811858465145089,0.33,0.8,0.1,2,0.4475532854269146
256,17.0,1.612884e-06,0.3738056326326582,0.33,0.8,0.1,2,0.718617790169643
257,28.0,2.502864e-06,0.3284838842045911,0.33,0.8,0.1,2,1.0139720437617796
258,33.0,4.207785e-08,0.297,0.33,0.8,0.1,2,1.838161559444198
259,91.0,2.044554e-08,0.297,0.33,0.8,0.1,2,1.9488892175518302
260,3321237907.0,1.64993e-08,0.0,0.33,0.8,0.1,2,5.203561144988754
261,1130108289.0,1.478972e-08,0.0,0.33,0.8,0.1,2,9.545171143508075
262,3349724438.0,1.4e-08,0.0,0.33,0.8,0.1,2,1.556861209456863
263,1.0,3.571414e-09,0.437170154,0.33,0.8,0.1,4,1.1706488675163185
264,2.0,1.031458e-08,0.437170154,0.33,0.8,0.1,4,0.5925739737572171
265,28.0,1.55808e-06,0.34898347507299515,0.33,0.8,0.1,4,1.7044583796128354
266,39.0,2.860519e-06,0.3908842305585143,0.33,0.8,0.1,4,
267,83.0,5.411257e-07,0.32097252064257736,0.33,0.8,0.1,4,
268,1.0,3.571414e-09,0.437170154,0.33,0.8,0.1,6,0.5432383608818007
269,17.0,1.862641e-06,0.3829433987909828,0.33,0.8,0.1,6,0.9056756791449558
270,50.0,1.876009e-06,0.3284433395780906,0.33,0.8,0.1,6,1.8262148597958137
271,83.0,5.009306e-07,0.31059323135779676,0.33,0.8,0.1,6,1.5181856319048104
272,100.0,2.07181e-08,0.27412961951144166,0.33,0.8,0.1,6,1.285708878360746
273,105.0,1.262919e-06,0.3519534687687896,0.33,0.8,0.1,6,
274,5.0,3.984345e-07,0.43557695205926994,0.33,0.8,0.1,9,0.3785233221707783
275,17.0,3.230941e-06,0.3628116316797944,0.33,0.8,0.1,9,0.6935371557544511
276,39.0,1.421326e-06,0.29620387919269225,0.33,0.8,0.1,9,1.4947638919761383
277,51.0,3.12257e-08,0.297,0.33,0.8,0.1,9,1.1858801434709472
278,115.0,1.722741e-08,0.297,0.33,0.8,0.1,9,2.397111543159151
279,4083845756.0,1.464304e-08,0.0,0.33,0.8,0.1,9,5.201759604242314
280,2.0,1.031458e-08,0.437170154,0.33,0.8,0.1,10,0.3736308131579339
281,5.0,3.313078e-07,0.6315398625630186,0.33,0.8,0.1,10,0.6925803321671526
282,17.0,2.18953e-06,0.36115766507700975,0.33,0.8,0.1,10,1.062559911206999
283,50.0,1.686873e-06,0.30998474062670967,0.33,0.8,0.1,10,1.063574237953269
284,60.0,2.750046e-08,0.297,0.33,0.8,0.1,10,1.5789566492117775
285,138.0,1.066229e-06,0.3052788344894906,0.33,0.8,0.1,10,5.203483299267175
286,1902671923.0,1.615814e-08,0.0,0.33,0.8,0.1,10,
287,1.0,3.571414e-09,0.490755231,0.33,0.8,0.15,1,0.38599613445730013
288,2.0,1.031458e-08,0.490755231,0.33,0.8,0.15,1,0.626616243359372
289,5.0,4.907014e-07,0.44742471296263564,0.33,0.8,0.15,1,0.901010564682834
290,17.0,1.716894e-06,0.3657809873947546,0.33,0.8,0.15,1,1.207003496496614
291,28.0,1.288883e-06,0.3216661942745371,0.33,0.8,0.15,1,2.1946137049397834
292,39.0,1.051691e-06,0.2568110532212725,0.33,0.8,0.15,1,1.572721416044071
293,82.0,1.4e-08,1.0,0.33,0.8,0.15,1,5.2055725528017485
294,127.0,7.449397e-07,0.34478865733696307,0.33,0.8,0.15,1,
295,1565786989.0,1.4e-08,0.0,0.33,0.8,0.15,1,
296,5.0,8.021971e-07,0.4147875963595182,0.33,0.8,0.15,2,0.4475532854269146
297,17.0,1.612884e-06,0.3969572736473134,0.33,0.8,0.15,2,0.718617790169643
298,28.0,2.502864e-06,0.3168225112976369,0.33,0.8,0.15,2,1.0139720437617796
299,33.0,4.207785e-08,0.2805,0.33,0.8,0.15,2,1.838161559444198
300,91.0,2.044554e-08,0.2805,0.33,0.8,0.15,2,1.9488892175518302
301,3321237907.0,1.64993e-08,0.0,0.33,0.8,0.15,2,5.203561144988754
302,1130108289.0,1.478972e-08,0.0,0.33,0.8,0.15,2,9.545171143508075
303,3349724438.0,1.4e-08,0.0,0.33,0.8,0.15,2,1.556861209456863
304,1.0,3.571414e-09,0.490755231,0.33,0.8,0.15,4,1.1706488675163185
305,2.0,1.031458e-08,0.490755231,0.33,0.8,0.15,4,0.5925739737572171
306,28.0,1.55808e-06,0.34076383108928626,0.33,0.8,0.15,4,1.7044583796128354
307,39.0,2.860519e-06,0.4066435891328602,0.33,0.8,0.15,4,
308,83.0,5.411257e-07,0.30421871350738683,0.33,0.8,0.15,4,
309,1.0,3.571414e-09,0.490755231,0.33,0.8,0.15,6,0.5432383608818007
310,17.0,1.862641e-06,0.4138129393917863,0.33,0.8,0.15,6,0.9056756791449558
311,50.0,1.876009e-06,0.32234051672302255,0.33,0.8,0.15,6,1.8262148597958137
312,83.0,5.009306e-07,0.2933380518379194,0.33,0.8,0.15,6,1.5181856319048104
313,100.0,2.07181e-08,0.2589001962052505,0.33,0.8,0.15,6,1.285708878360746
314,105.0,1.262919e-06,0.33592692681479674,0.33,0.8,0.15,6,
315,5.0,3.984345e-07,0.4806905229692163,0.33,0.8,0.15,9,0.3785233221707783
316,17.0,3.230941e-06,0.3688432883389581,0.33,0.8,0.15,9,0.6935371557544511
317,39.0,1.421326e-06,0.28710184833329144,0.33,0.8,0.15,9,1.4947638919761383
318,51.0,3.12257e-08,0.2805,0.33,0.8,0.15,9,1.1858801434709472
319,115.0,1.722741e-08,0.2805,0.33,0.8,0.15,9,2.397111543159151
320,4083845756.0,1.464304e-08,0.0,0.33,0.8,0.15,9,5.201759604242314
321,2.0,1.031458e-08,0.490755231,0.33,0.8,0.15,10,0.3736308131579339
322,5.0,3.313078e-07,0.6831950200975752,0.33,0.8,0.15,10,0.6925803321671526
323,17.0,2.18953e-06,0.3803733698818295,0.33,0.8,0.15,10,1.062559911206999
324,50.0,1.686873e-06,0.29783389451851944,0.33,0.8,0.15,10,1.063574237953269
325,60.0,2.750046e-08,0.2805,0.33,0.8,0.15,10,1.5789566492117775
326,138.0,1.066229e-06,0.28788121968155705,0.33,0.8,0.15,10,5.203483299267175
327,1902671923.0,1.615814e-08,0.0,0.33,0.8,0.15,10,
328,1.0,3.571414e-09,0.544340308,0.33,0.8,0.2,1,0.38599613445730013
329,2.0,1.031458e-08,0.544340308,0.33,0.8,0.2,1,0.626616243359372
330,5.0,4.907014e-07,0.4987860415284828,0.33,0.8,0.2,1,0.901010564682834
331,17.0,1.716894e-06,0.38762602749661507,0.33,0.8,0.2,1,1.207003496496614
332,28.0,1.288883e-06,0.31406569391649053,0.33,0.8,0.2,1,2.1946137049397834
333,39.0,1.051691e-06,0.24144350313289104,0.33,0.8,0.2,1,1.572721416044071
334,82.0,1.4e-08,1.0,0.33,0.8,0.2,1,5.2055725528017485
335,127.0,7.449397e-07,0.3245069716112593,0.33,0.8,0.2,1,
336,1565786989.0,1.4e-08,0.0,0.33,0.8,0.2,1,
337,5.0,8.021971e-07,0.45094408094715516,0.33,0.8,0.2,2,0.4475532854269146
338,17.0,1.612884e-06,0.4191371581271075,0.33,0.8,0.2,2,0.718617790169643
339,28.0,2.502864e-06,0.30516113839068254,0.33,0.8,0.2,2,1.0139720437617796
340,33.0,4.207785e-08,0.264,0.33,0.8,0.2,2,1.838161559444198
341,91.0,2.044554e-08,0.264,0.33,0.8,0.2,2,1.9488892175518302
342,3321237907.0,1.64993e-08,0.0,0.33,0.8,0.2,2,5.203561144988754
343,1130108289.0,1.478972e-08,0.0,0.33,0.8,0.2,2,9.545171143508075
344,3349724438.0,1.4e-08,0.0,0.33,0.8,0.2,2,1.556861209456863
345,1.0,3.571414e-09,0.544340308,0.33,0.8,0.2,4,1.1706488675163185
346,2.0,1.031458e-08,0.544340308,0.33,0.8,0.2,4,0.5925739737572171
347,28.0,1.55808e-06,0.3325441871055773,0.33,0.8,0.2,4,1.7044583796128354
348,39.0,2.860519e-06,0.4210718063174787,0.33,0.8,0.2,4,
349,83.0,5.411257e-07,0.287464906372196,0.33,0.8,0.2,4,
350,1.0,3.571414e-09,0.544340308,0.33,0.8,0.2,6,0.5432383608818007
351,17.0,1.862641e-06,0.4446824799925899,0.33,0.8,0.2,6,0.9056756791449558
352,50.0,1.876009e-06,0.3162376938679546,0.33,0.8,0.2,6,1.8262148597958137
353,83.0,5.009306e-07,0.2760828723180417,0.33,0.8,0.2,6,1.5181856319048104
354,100.0,2.07181e-08,0.24367077289905925,0.33,0.8,0.2,6,1.285708878360746
355,105.0,1.262919e-06,0.31990038486080413,0.33,0.8,0.2,6,
356,5.0,3.984345e-07,0.525804093879163,0.33,0.8,0.2,9,0.3785233221707783
357,17.0,3.230941e-06,0.37483659250574924,0.33,0.8,0.2,9,0.6935371557544511
358,39.0,1.421326e-06,0.2779998174738908,0.33,0.8,0.2,9,1.4947638919761383
359,51.0,3.12257e-08,0.264,0.33,0.8,0.2,9,1.1858801434709472
360,115.0,1.722741e-08,0.264,0.33,0.8,0.2,9,2.397111543159151
361,4083845756.0,1.464304e-08,0.0,0.33,0.8,0.2,9,5.201759604242314
362,2.0,1.031458e-08,0.544340308,0.33,0.8,0.2,10,0.3736308131579339
363,5.0,3.313078e-07,0.7341839036717844,0.33,0.8,0.2,10,0.6925803321671526
364,17.0,2.18953e-06,0.39968989164736735,0.33,0.8,0.2,10,1.062559911206999
365,50.0,1.686873e-06,0.28568304841032904,0.33,0.8,0.2,10,1.063574237953269
366,60.0,2.750046e-08,0.264,0.33,0.8,0.2,10,1.5789566492117775
367,138.0,1.066229e-06,0.27074117890296767,0.33,0.8,0.2,10,5.203483299267175
368,1902671923.0,1.615814e-08,0.0,0.33,0.8,0.2,10,
369,1.0,3.571414e-09,0.597925385,0.33,0.8,0.25,1,0.38599613445730013
370,2.0,1.031458e-08,0.597925385,0.33,0.8,0.25,1,0.626616243359372
371,5.0,4.907014e-07,0.5421746377985751,0.33,0.8,0.25,1,0.901010564682834
372,17.0,1.716894e-06,0.41186518335897976,0.33,0.8,0.25,1,1.207003496496614
373,28.0,1.288883e-06,0.30646519355844387,0.33,0.8,0.25,1,2.1946137049397834
374,39.0,1.051691e-06,0.22638105665293823,0.33,0.8,0.25,1,1.572721416044071
375,82.0,1.4e-08,1.0,0.33,0.8,0.25,1,5.2055725528017485
376,127.0,7.449397e-07,0.30422528588555564,0.33,0.8,0.25,1,
377,1565786989.0,1.4e-08,0.0,0.33,0.8,0.25,1,
378,5.0,8.021971e-07,0.4865749901253774,0.33,0.8,0.25,2,0.4475532854269146
379,17.0,1.612884e-06,0.4413546815691906,0.33,0.8,0.25,2,0.718617790169643
380,28.0,2.502864e-06,0.2936672458489308,0.33,0.8,0.25,2,1.0139720437617796
381,33.0,4.207785e-08,0.2475,0.33,0.8,0.25,2,1.838161559444198
382,91.0,2.044554e-08,0.2475,0.33,0.8,0.25,2,1.9488892175518302
383,3321237907.0,1.64993e-08,0.0,0.33,0.8,0.25,2,5.203561144988754
384,1130108289.0,1.478972e-08,0.0,0.33,0.8,0.25,2,9.545171143508075
385,3349724438.0,1.4e-08,0.0,0.33,0.8,0.25,2,1.556861209456863
386,1.0,3.571414e-09,0.597925385,0.33,0.8,0.25,4,1.1706488675163185
387,2.0,1.031458e-08,0.597925385,0.33,0.8,0.25,4,0.5925739737572171
388,28.0,1.55808e-06,0.32340314941652176,0.33,0.8,0.25,4,1.7044583796128354
389,39.0,2.860519e-06,0.43663785600265953,0.33,0.8,0.25,4,
390,83.0,5.411257e-07,0.2707110992370056,0.33,0.8,0.25,4,
391,1.0,3.571414e-09,0.597925385,0.33,0.8,0.25,6,0.5432383608818007
392,17.0,1.862641e-06,0.47555202059339363,0.33,0.8,0.25,6,0.9056756791449558
393,50.0,1.876009e-06,0.3101348710128865,0.33,0.8,0.25,6,1.8262148597958137
394,83.0,5.009306e-07,0.25882769279816403,0.33,0.8,0.25,6,1.5181856319048104
395,100.0,2.07181e-08,0.22844134959286808,0.33,0.8,0.25,6,1.285708878360746
396,105.0,1.262919e-06,0.30387384290681135,0.33,0.8,0.25,6,
397,5.0,3.984345e-07,0.5701998668825882,0.33,0.8,0.25,9,0.3785233221707783
398,17.0,3.230941e-06,0.3808029414073178,0.33,0.8,0.25,9,0.6935371557544511
399,39.0,1.421326e-06,0.26889778661449015,0.33,0.8,0.25,9,1.4947638919761383
400,51.0,3.12257e-08,0.2475,0.33,0.8,0.25,9,1.1858801434709472
401,115.0,1.722741e-08,0.2475,0.33,0.8,0.25,9,2.397111543159151
402,4083845756.0,1.464304e-08,0.0,0.33,0.8,0.25,9,5.201759604242314
403,2.0,1.031458e-08,0.597925385,0.33,0.8,0.25,10,0.3736308131579339
404,5.0,3.313078e-07,0.7884231175822917,0.33,0.8,0.25,10,0.6925803321671526
405,17.0,2.18953e-06,0.41721841414909905,0.33,0.8,0.25,10,1.062559911206999
406,50.0,1.686873e-06,0.2718505662921037,0.33,0.8,0.25,10,1.063574237953269
407,60.0,2.750046e-08,0.2475,0.33,0.8,0.25,10,1.5789566492117775
408,138.0,1.066229e-06,0.2537651452935223,0.33,0.8,0.25,10,5.203483299267175
409,1902671923.0,1.615814e-08,0.0,0.33,0.8,0.25,10,
410,1.0,3.571414e-09,0.651510462,0.33,0.8,0.3,1,0.38599613445730013
411,2.0,1.031458e-08,0.651510462,0.33,0.8,0.3,1,0.626616243359372
412,5.0,4.907014e-07,0.5799354596158642,0.33,0.8,0.3,1,0.901010564682834
413,17.0,1.716894e-06,0.4384769862379659,0.33,0.8,0.3,1,1.207003496496614
414,28.0,1.288883e-06,0.2990714825575656,0.33,0.8,0.3,1,2.1946137049397834
415,39.0,1.051691e-06,0.21139311233096406,0.33,0.8,0.3,1,1.572721416044071
416,82.0,1.4e-08,1.0,0.33,0.8,0.3,1,5.2055725528017485
417,127.0,7.449397e-07,0.2839436001598518,0.33,0.8,0.3,1,
418,1565786989.0,1.4e-08,0.0,0.33,0.8,0.3,1,
419,5.0,8.021971e-07,0.5217827442799053,0.33,0.8,0.3,2,0.4475532854269146
420,17.0,1.612884e-06,0.46417837754852376,0.33,0.8,0.3,2,0.718617790169643
421,28.0,2.502864e-06,0.28191835164230417,0.33,0.8,0.3,2,1.0139720437617796
422,33.0,4.207785e-08,0.231,0.33,0.8,0.3,2,1.838161559444198
423,91.0,2.044554e-08,0.231,0.33,0.8,0.3,2,1.9488892175518302
424,3321237907.0,1.64993e-08,0.0,0.33,0.8,0.3,2,5.203561144988754
425,1130108289.0,1.478972e-08,0.0,0.33,0.8,0.3,2,9.545171143508075
426,3349724438.0,1.4e-08,0.0,0.33,0.8,0.3,2,1.556861209456863
427,1.0,3.571414e-09,0.651510462,0.33,0.8,0.3,4,1.1706488675163185
428,2.0,1.031458e-08,0.651510462,0.33,0.8,0.3,4,0.5925739737572171
429,28.0,1.55808e-06,0.3138260546128126,0.33,0.8,0.3,4,1.7044583796128354
430,39.0,2.860519e-06,0.452542231156521,0.33,0.8,0.3,4,
431,83.0,5.411257e-07,0.2539572921018149,0.33,0.8,0.3,4,
432,1.0,3.571414e-09,0.651510462,0.33,0.8,0.3,6,0.5432383608818007
433,17.0,1.862641e-06,0.5069362493269192,0.33,0.8,0.3,6,0.9056756791449558
434,50.0,1.876009e-06,0.30448911369836335,0.33,0.8,0.3,6,1.8262148597958137
435,83.0,5.009306e-07,0.24157251327828652,0.33,0.8,0.3,6,1.5181856319048104
436,100.0,2.07181e-08,0.21321192628667687,0.33,0.8,0.3,6,1.285708878360746
437,105.0,1.262919e-06,0.28605089385780097,0.33,0.8,0.3,6,
438,5.0,3.984345e-07,0.6143274578712694,0.33,0.8,0.3,9,0.3785233221707783
439,17.0,3.230941e-06,0.38668399441044066,0.33,0.8,0.3,9,0.6935371557544511
440,39.0,1.421326e-06,0.25979575575508956,0.33,0.8,0.3,9,1.4947638919761383
441,51.0,3.12257e-08,0.231,0.33,0.8,0.3,9,1.1858801434709472
442,115.0,1.722741e-08,0.231,0.33,0.8,0.3,9,2.397111543159151
443,4083845756.0,1.464304e-08,0.0,0.33,0.8,0.3,9,5.201759604242314
444,2.0,1.031458e-08,0.651510462,0.33,0.8,0.3,10,0.3736308131579339
445,5.0,3.313078e-07,0.8469181827634488,0.33,0.8,0.3,10,0.6925803321671526
446,17.0,2.18953e-06,0.4345326078958857,0.33,0.8,0.3,10,1.062559911206999
447,50.0,1.686873e-06,0.2577123571242949,0.33,0.8,0.3,10,1.063574237953269
448,60.0,2.750046e-08,0.231,0.33,0.8,0.3,10,1.5789566492117775
449,138.0,1.066229e-06,0.2367891116840768,0.33,0.8,0.3,10,5.203483299267175
450,1902671923.0,1.615814e-08,0.0,0.33,0.8,0.3,10,
